start_timestamp,end_timestamp,duration_ms,x,y,n_samples,duration_sec,aoi,file,page,visit_number,calibration_accuracy,calibration_good,eye_data_included
1766479635550,1766479635665,115,536.0,98.0,3,0.115,outside_aoi,p18_session_1766479503250_ljaoouiln_20251223_115310,el1,7,79.0,True,True
1766479635748,1766479635885,137,583.0,86.0,3,0.137,outside_aoi,p18_session_1766479503250_ljaoouiln_20251223_115310,el1,7,79.0,True,True
1766479636552,1766479636669,117,865.0,199.0,3,0.117,text,p18_session_1766479503250_ljaoouiln_20251223_115310,el1,7,79.0,True,True
1766479641755,1766479641866,111,724.0,725.0,3,0.111,image,p18_session_1766479503250_ljaoouiln_20251223_115310,el1,7,79.0,True,True
1766479643423,1766479643723,300,501.5,287.5,6,0.3,text,p18_session_1766479503250_ljaoouiln_20251223_115310,el1,7,79.0,True,True
1766479643876,1766479644000,124,449.0,270.0,3,0.124,text,p18_session_1766479503250_ljaoouiln_20251223_115310,el1,7,79.0,True,True
1766479644190,1766479644317,127,485.0,190.0,3,0.127,text,p18_session_1766479503250_ljaoouiln_20251223_115310,el1,7,79.0,True,True
1766479647636,1766479647783,147,785.0,154.0,3,0.147,outside_aoi,p18_session_1766479503250_ljaoouiln_20251223_115310,el1,7,79.0,True,True
1766479654016,1766479654142,126,949.0,123.0,3,0.126,outside_aoi,p18_session_1766479503250_ljaoouiln_20251223_115310,el1,7,79.0,True,True
1766479654189,1766479654343,154,967.5,141.0,4,0.154,outside_aoi,p18_session_1766479503250_ljaoouiln_20251223_115310,el1,7,79.0,True,True
1766479654593,1766479654841,248,824.0,147.0,5,0.248,outside_aoi,p18_session_1766479503250_ljaoouiln_20251223_115310,el1,7,79.0,True,True
1766479655061,1766479655200,139,790.0,174.0,3,0.139,text,p18_session_1766479503250_ljaoouiln_20251223_115310,el1,7,79.0,True,True
1766479657598,1766479657787,189,744.0,258.0,3,0.189,text,p18_session_1766479503250_ljaoouiln_20251223_115310,el1,7,79.0,True,True
1766479661697,1766479661823,126,766.0,602.0,3,0.126,image,p18_session_1766479503250_ljaoouiln_20251223_115310,el1,7,79.0,True,True
1766479663334,1766479663435,101,820.0,670.0,3,0.101,image,p18_session_1766479503250_ljaoouiln_20251223_115310,el1,7,79.0,True,True
1766479665737,1766479665853,116,868.0,596.0,3,0.116,image,p18_session_1766479503250_ljaoouiln_20251223_115310,el1,7,79.0,True,True
1766479666243,1766479666344,101,792.0,623.0,3,0.101,image,p18_session_1766479503250_ljaoouiln_20251223_115310,el1,7,79.0,True,True
1766479667460,1766479667615,155,723.0,654.0,3,0.155,image,p18_session_1766479503250_ljaoouiln_20251223_115310,el1,7,79.0,True,True
1766479668219,1766479668363,144,705.0,687.0,3,0.144,image,p18_session_1766479503250_ljaoouiln_20251223_115310,el1,7,79.0,True,True
1766479668442,1766479668644,202,612.0,676.0,4,0.202,image,p18_session_1766479503250_ljaoouiln_20251223_115310,el1,7,79.0,True,True
1766479671958,1766479672070,112,286.0,804.0,3,0.112,outside_aoi,p18_session_1766479503250_ljaoouiln_20251223_115310,el1,7,79.0,True,True
1766479673764,1766479673885,121,733.0,749.0,3,0.121,image,p18_session_1766479503250_ljaoouiln_20251223_115310,el1,7,79.0,True,True
1766479673939,1766479674182,243,774.0,769.0,5,0.243,image,p18_session_1766479503250_ljaoouiln_20251223_115310,el1,7,79.0,True,True
1766479674240,1766479674391,151,771.0,785.5,4,0.151,image,p18_session_1766479503250_ljaoouiln_20251223_115310,el1,7,79.0,True,True
1766479681135,1766479681299,164,229.0,743.0,3,0.164,outside_aoi,p18_session_1766479503250_ljaoouiln_20251223_115310,el1,7,79.0,True,True
1766479683159,1766479683355,196,282.0,807.0,4,0.196,outside_aoi,p18_session_1766479503250_ljaoouiln_20251223_115310,el1,7,79.0,True,True
1766479692675,1766479692778,103,365.0,325.0,3,0.103,outside_aoi,p18_session_1766479503250_ljaoouiln_20251223_115310,el1,7,79.0,True,True
1766479696021,1766479696181,160,353.5,283.5,4,0.16,text,p18_session_1766479503250_ljaoouiln_20251223_115310,el1,7,79.0,True,True
1766479697370,1766479697483,113,1256.0,427.0,3,0.113,outside_aoi,p18_session_1766479503250_ljaoouiln_20251223_115310,el1,7,79.0,True,True
1766479697581,1766479697725,144,1284.0,426.0,3,0.144,outside_aoi,p18_session_1766479503250_ljaoouiln_20251223_115310,el1,7,79.0,True,True
1766479699481,1766479699593,112,1334.0,494.0,3,0.112,outside_aoi,p18_session_1766479503250_ljaoouiln_20251223_115310,el1,7,79.0,True,True
1766479699877,1766479700182,305,1417.0,500.0,7,0.305,outside_aoi,p18_session_1766479503250_ljaoouiln_20251223_115310,el1,7,79.0,True,True
1766479701987,1766479702102,115,1219.0,205.0,3,0.115,text,p18_session_1766479503250_ljaoouiln_20251223_115310,el1,7,79.0,True,True
1766479717203,1766479717515,312,621.0,270.5,6,0.312,text,p18_session_1766479503250_ljaoouiln_20251223_115310,el1,7,79.0,True,True
1766479720628,1766479720778,150,1367.0,584.0,3,0.15,outside_aoi,p18_session_1766479503250_ljaoouiln_20251223_115310,el1,7,79.0,True,True
1766479726206,1766479726328,122,1495.0,538.0,3,0.122,outside_aoi,p18_session_1766479503250_ljaoouiln_20251223_115310,el1,7,79.0,True,True
1766479729629,1766479729777,148,996.0,301.0,3,0.148,text,p18_session_1766479503250_ljaoouiln_20251223_115310,el2,8,79.0,True,True
1766479731621,1766479731771,150,756.0,272.0,3,0.15,text,p18_session_1766479503250_ljaoouiln_20251223_115310,el2,8,79.0,True,True
1766479732862,1766479733002,140,1221.0,645.0,3,0.14,outside_aoi,p18_session_1766479503250_ljaoouiln_20251223_115310,el2,8,79.0,True,True
1766479735656,1766479735825,169,1213.0,493.0,3,0.169,outside_aoi,p18_session_1766479503250_ljaoouiln_20251223_115310,el2,8,79.0,True,True
1766479739192,1766479739300,108,787.0,596.0,3,0.108,image,p18_session_1766479503250_ljaoouiln_20251223_115310,el2,8,79.0,True,True
1766479747591,1766479747763,172,462.0,579.0,3,0.172,image,p18_session_1766479503250_ljaoouiln_20251223_115310,el2,8,79.0,True,True
1766479750957,1766479751111,154,894.0,71.0,3,0.154,outside_aoi,p18_session_1766479503250_ljaoouiln_20251223_115310,el2,8,79.0,True,True
1766479753884,1766479753992,108,1179.0,191.0,3,0.108,text,p18_session_1766479503250_ljaoouiln_20251223_115310,el2,8,79.0,True,True
1766479757750,1766479757866,116,853.0,275.0,3,0.116,text,p18_session_1766479503250_ljaoouiln_20251223_115310,el2,8,79.0,True,True
1766479758583,1766479758708,125,1093.0,482.0,3,0.125,outside_aoi,p18_session_1766479503250_ljaoouiln_20251223_115310,el2,8,79.0,True,True
1766479761724,1766479761827,103,756.0,65.0,3,0.103,outside_aoi,p18_session_1766479503250_ljaoouiln_20251223_115310,el3,9,79.0,True,True
1766479762478,1766479762580,102,1087.0,314.0,3,0.102,outside_aoi,p18_session_1766479503250_ljaoouiln_20251223_115310,el3,9,79.0,True,True
1766479762768,1766479762932,164,1132.5,363.0,4,0.164,outside_aoi,p18_session_1766479503250_ljaoouiln_20251223_115310,el3,9,79.0,True,True
1766479763746,1766479763909,163,1478.0,496.0,4,0.163,outside_aoi,p18_session_1766479503250_ljaoouiln_20251223_115310,el3,9,79.0,True,True
1766479764344,1766479764461,117,743.0,86.0,3,0.117,outside_aoi,p18_session_1766479503250_ljaoouiln_20251223_115310,el3,9,79.0,True,True
1766479767350,1766479767484,134,839.0,199.0,3,0.134,text,p18_session_1766479503250_ljaoouiln_20251223_115310,el3,9,79.0,True,True
1766479771220,1766479771383,163,772.5,246.0,4,0.163,text,p18_session_1766479503250_ljaoouiln_20251223_115310,el3,9,79.0,True,True
1766479771856,1766479771984,128,876.0,321.0,3,0.128,outside_aoi,p18_session_1766479503250_ljaoouiln_20251223_115310,el3,9,79.0,True,True
1766479780244,1766479780382,138,653.0,402.0,3,0.138,outside_aoi,p18_session_1766479503250_ljaoouiln_20251223_115310,el3,9,79.0,True,True
1766479781923,1766479782072,149,1275.0,144.5,4,0.149,outside_aoi,p18_session_1766479503250_ljaoouiln_20251223_115310,el3,9,79.0,True,True
1766479784338,1766479784439,101,1211.0,245.0,3,0.101,text,p18_session_1766479503250_ljaoouiln_20251223_115310,el3,9,79.0,True,True
1766479786981,1766479787200,219,501.0,459.5,4,0.219,image,p18_session_1766479503250_ljaoouiln_20251223_115310,el3,9,79.0,True,True
1766479788780,1766479788929,149,1454.0,419.0,3,0.149,outside_aoi,p18_session_1766479503250_ljaoouiln_20251223_115310,el3,9,79.0,True,True
1766479788997,1766479789106,109,1443.0,443.0,3,0.109,outside_aoi,p18_session_1766479503250_ljaoouiln_20251223_115310,el3,9,79.0,True,True
1766479789408,1766479789543,135,1329.0,350.0,3,0.135,outside_aoi,p18_session_1766479503250_ljaoouiln_20251223_115310,el3,9,79.0,True,True
1766479790402,1766479790609,207,654.0,363.5,4,0.207,outside_aoi,p18_session_1766479503250_ljaoouiln_20251223_115310,el3,9,79.0,True,True
1766479791069,1766479791324,255,649.5,383.5,4,0.255,outside_aoi,p18_session_1766479503250_ljaoouiln_20251223_115310,el3,9,79.0,True,True
1766479791633,1766479791742,109,804.0,455.0,3,0.109,image,p18_session_1766479503250_ljaoouiln_20251223_115310,el3,9,79.0,True,True
1766479793657,1766479793764,107,1275.0,408.0,3,0.107,outside_aoi,p18_session_1766479503250_ljaoouiln_20251223_115310,el3,9,79.0,True,True
1766479793825,1766479794037,212,1294.0,416.0,5,0.212,outside_aoi,p18_session_1766479503250_ljaoouiln_20251223_115310,el3,9,79.0,True,True
1766479794088,1766479794208,120,1316.0,437.0,3,0.12,outside_aoi,p18_session_1766479503250_ljaoouiln_20251223_115310,el3,9,79.0,True,True
1766479794324,1766479794458,134,1370.0,458.0,3,0.134,outside_aoi,p18_session_1766479503250_ljaoouiln_20251223_115310,el3,9,79.0,True,True
1766479796706,1766479796901,195,523.0,312.5,4,0.195,outside_aoi,p18_session_1766479503250_ljaoouiln_20251223_115310,el3,9,79.0,True,True
1766479798067,1766479798189,122,1046.0,442.0,3,0.122,outside_aoi,p18_session_1766479503250_ljaoouiln_20251223_115310,el3,9,79.0,True,True
1766479800083,1766479800455,372,1299.5,459.0,6,0.372,outside_aoi,p18_session_1766479503250_ljaoouiln_20251223_115310,el3,9,79.0,True,True
1766479800957,1766479801088,131,1143.0,310.0,3,0.131,outside_aoi,p18_session_1766479503250_ljaoouiln_20251223_115310,el3,9,79.0,True,True
1766479807432,1766479807533,101,954.0,691.0,3,0.101,image,p18_session_1766479503250_ljaoouiln_20251223_115310,el4,10,79.0,True,True
1766479807587,1766479807756,169,984.0,666.0,3,0.169,image,p18_session_1766479503250_ljaoouiln_20251223_115310,el4,10,79.0,True,True
1766479811296,1766479811429,133,529.0,247.0,3,0.133,text,p18_session_1766479503250_ljaoouiln_20251223_115310,el4,10,79.0,True,True
1766479813082,1766479813283,201,1053.0,125.0,4,0.201,outside_aoi,p18_session_1766479503250_ljaoouiln_20251223_115310,el4,10,79.0,True,True
1766479813383,1766479813584,201,1068.0,118.0,5,0.201,outside_aoi,p18_session_1766479503250_ljaoouiln_20251223_115310,el4,10,79.0,True,True
1766479816863,1766479816999,136,1257.0,313.0,3,0.136,outside_aoi,p18_session_1766479503250_ljaoouiln_20251223_115310,el4,10,79.0,True,True
1766479819301,1766479819406,105,1325.0,122.0,3,0.105,outside_aoi,p18_session_1766479503250_ljaoouiln_20251223_115310,el4,10,79.0,True,True
1766479820012,1766479820133,121,1219.0,16.0,3,0.121,outside_aoi,p18_session_1766479503250_ljaoouiln_20251223_115310,el4,10,79.0,True,True
1766479821484,1766479821599,115,874.0,73.0,3,0.115,outside_aoi,p18_session_1766479503250_ljaoouiln_20251223_115310,el4,10,79.0,True,True
1766479834351,1766479834484,133,1116.0,245.0,3,0.133,text,p18_session_1766479503250_ljaoouiln_20251223_115310,el5,11,79.0,True,True
1766479835196,1766479835401,205,1130.0,379.0,4,0.205,outside_aoi,p18_session_1766479503250_ljaoouiln_20251223_115310,el5,11,79.0,True,True
1766479836590,1766479836730,140,1481.0,294.0,3,0.14,outside_aoi,p18_session_1766479503250_ljaoouiln_20251223_115310,el5,11,79.0,True,True
1766479838612,1766479838736,124,806.0,348.0,3,0.124,outside_aoi,p18_session_1766479503250_ljaoouiln_20251223_115310,el5,11,79.0,True,True
1766479839534,1766479839656,122,1299.0,356.0,3,0.122,outside_aoi,p18_session_1766479503250_ljaoouiln_20251223_115310,el5,11,79.0,True,True
1766479846708,1766479846939,231,1030.5,123.5,4,0.231,outside_aoi,p18_session_1766479503250_ljaoouiln_20251223_115310,el5,11,79.0,True,True
1766479852337,1766479852510,173,819.5,121.5,4,0.173,outside_aoi,p18_session_1766479503250_ljaoouiln_20251223_115310,el5,11,79.0,True,True
1766479853289,1766479853390,101,782.0,147.0,3,0.101,outside_aoi,p18_session_1766479503250_ljaoouiln_20251223_115310,el5,11,79.0,True,True
1766479854585,1766479854712,127,924.0,162.0,3,0.127,text,p18_session_1766479503250_ljaoouiln_20251223_115310,el5,11,79.0,True,True
1766479855030,1766479855196,166,826.5,57.5,4,0.166,outside_aoi,p18_session_1766479503250_ljaoouiln_20251223_115310,el5,11,79.0,True,True
1766479856258,1766479856383,125,680.0,39.0,3,0.125,outside_aoi,p18_session_1766479503250_ljaoouiln_20251223_115310,el5,11,79.0,True,True
1766479858787,1766479858892,105,1231.0,215.0,3,0.105,text,p18_session_1766479503250_ljaoouiln_20251223_115310,el5,11,79.0,True,True
1766479859867,1766479860020,153,873.0,26.5,4,0.153,outside_aoi,p18_session_1766479503250_ljaoouiln_20251223_115310,el5,11,79.0,True,True
1766479860061,1766479860205,144,858.0,35.0,3,0.144,outside_aoi,p18_session_1766479503250_ljaoouiln_20251223_115310,el5,11,79.0,True,True
1766479865804,1766479865923,119,597.0,43.0,3,0.119,outside_aoi,p18_session_1766479503250_ljaoouiln_20251223_115310,el6,12,79.0,True,True
1766479868791,1766479868920,129,1004.0,14.0,3,0.129,outside_aoi,p18_session_1766479503250_ljaoouiln_20251223_115310,el6,12,79.0,True,True
1766479871257,1766479871471,214,710.5,108.5,4,0.214,outside_aoi,p18_session_1766479503250_ljaoouiln_20251223_115310,el6,12,79.0,True,True
1766479874179,1766479874286,107,868.0,169.0,3,0.107,text,p18_session_1766479503250_ljaoouiln_20251223_115310,el6,12,79.0,True,True
1766479877075,1766479877271,196,846.0,157.0,4,0.196,outside_aoi,p18_session_1766479503250_ljaoouiln_20251223_115310,el6,12,79.0,True,True
1766479878830,1766479878944,114,936.0,100.0,3,0.114,outside_aoi,p18_session_1766479503250_ljaoouiln_20251223_115310,el6,12,79.0,True,True
1766479879096,1766479879262,166,902.0,60.0,4,0.166,outside_aoi,p18_session_1766479503250_ljaoouiln_20251223_115310,el6,12,79.0,True,True
1766479879510,1766479879640,130,1009.0,40.0,3,0.13,outside_aoi,p18_session_1766479503250_ljaoouiln_20251223_115310,el6,12,79.0,True,True
1766479879812,1766479879935,123,1075.0,106.0,3,0.123,outside_aoi,p18_session_1766479503250_ljaoouiln_20251223_115310,el6,12,79.0,True,True
1766479882567,1766479882787,220,985.0,108.5,4,0.22,outside_aoi,p18_session_1766479503250_ljaoouiln_20251223_115310,el6,12,79.0,True,True
1766479886701,1766479886857,156,1275.0,226.0,3,0.156,outside_aoi,p18_session_1766479503250_ljaoouiln_20251223_115310,el6,12,79.0,True,True
1766479887334,1766479887456,122,1129.0,176.0,3,0.122,text,p18_session_1766479503250_ljaoouiln_20251223_115310,el6,12,79.0,True,True
1766479888882,1766479889004,122,839.0,136.0,3,0.122,outside_aoi,p18_session_1766479503250_ljaoouiln_20251223_115310,el6,12,79.0,True,True
1766479894315,1766479894466,151,904.5,85.5,4,0.151,outside_aoi,p18_session_1766479503250_ljaoouiln_20251223_115310,el6,12,79.0,True,True
1766479894531,1766479894662,131,916.0,97.0,3,0.131,outside_aoi,p18_session_1766479503250_ljaoouiln_20251223_115310,el6,12,79.0,True,True
1766479906524,1766479906630,106,1151.0,292.0,3,0.106,text,p18_session_1766479503250_ljaoouiln_20251223_115310,el6,12,79.0,True,True
1766479906823,1766479906942,119,1109.0,297.0,3,0.119,text,p18_session_1766479503250_ljaoouiln_20251223_115310,el6,12,79.0,True,True
1766479909639,1766479909805,166,994.0,170.0,4,0.166,text,p18_session_1766479503250_ljaoouiln_20251223_115310,el7,13,79.0,True,True
1766479910385,1766479910491,106,1232.0,401.0,3,0.106,outside_aoi,p18_session_1766479503250_ljaoouiln_20251223_115310,el7,13,79.0,True,True
1766479910716,1766479910860,144,1212.0,575.0,3,0.144,outside_aoi,p18_session_1766479503250_ljaoouiln_20251223_115310,el7,13,79.0,True,True
1766479911196,1766479911369,173,1187.0,729.0,3,0.173,outside_aoi,p18_session_1766479503250_ljaoouiln_20251223_115310,el7,13,79.0,True,True
1766479912033,1766479912382,349,1003.5,129.0,6,0.349,outside_aoi,p18_session_1766479503250_ljaoouiln_20251223_115310,el7,13,79.0,True,True
1766479912460,1766479912574,114,1022.0,143.0,3,0.114,outside_aoi,p18_session_1766479503250_ljaoouiln_20251223_115310,el7,13,79.0,True,True
1766479918030,1766479918241,211,1089.5,195.0,4,0.211,text,p18_session_1766479503250_ljaoouiln_20251223_115310,el7,13,79.0,True,True
1766479918892,1766479919092,200,1283.0,133.0,5,0.2,outside_aoi,p18_session_1766479503250_ljaoouiln_20251223_115310,el7,13,79.0,True,True
1766479919560,1766479919674,114,1262.0,258.0,3,0.114,outside_aoi,p18_session_1766479503250_ljaoouiln_20251223_115310,el7,13,79.0,True,True
1766479921821,1766479921938,117,1472.0,326.0,3,0.117,outside_aoi,p18_session_1766479503250_ljaoouiln_20251223_115310,el7,13,79.0,True,True
1766479922242,1766479922391,149,1444.0,385.0,3,0.149,outside_aoi,p18_session_1766479503250_ljaoouiln_20251223_115310,el7,13,79.0,True,True
1766479922567,1766479922773,206,1289.5,317.0,4,0.206,outside_aoi,p18_session_1766479503250_ljaoouiln_20251223_115310,el7,13,79.0,True,True
1766479931435,1766479931628,193,1434.0,661.5,4,0.193,outside_aoi,p18_session_1766479503250_ljaoouiln_20251223_115310,el8,14,79.0,True,True
1766479935811,1766479935930,119,1143.0,454.0,3,0.119,outside_aoi,p18_session_1766479503250_ljaoouiln_20251223_115310,el8,14,79.0,True,True
1766479943931,1766479944050,119,1214.0,620.0,3,0.119,outside_aoi,p18_session_1766479503250_ljaoouiln_20251223_115310,el8,14,79.0,True,True
1766479945579,1766479945701,122,1345.0,626.0,3,0.122,outside_aoi,p18_session_1766479503250_ljaoouiln_20251223_115310,el8,14,79.0,True,True
1766479946337,1766479946515,178,1217.5,598.5,4,0.178,outside_aoi,p18_session_1766479503250_ljaoouiln_20251223_115310,el8,14,79.0,True,True
1766479946579,1766479946709,130,1183.0,598.0,3,0.13,outside_aoi,p18_session_1766479503250_ljaoouiln_20251223_115310,el8,14,79.0,True,True
1766479949122,1766479949239,117,1509.0,603.0,3,0.117,outside_aoi,p18_session_1766479503250_ljaoouiln_20251223_115310,el8,14,79.0,True,True
1766479952868,1766479952970,102,1038.0,630.0,3,0.102,image,p18_session_1766479503250_ljaoouiln_20251223_115310,el9,15,79.0,True,True
1766479957235,1766479957424,189,1128.0,580.5,4,0.189,outside_aoi,p18_session_1766479503250_ljaoouiln_20251223_115310,el9,15,79.0,True,True
1766479963140,1766479963244,104,1357.0,550.0,3,0.104,outside_aoi,p18_session_1766479503250_ljaoouiln_20251223_115310,el9,15,79.0,True,True
1766479963296,1766479963448,152,1359.5,582.5,4,0.152,outside_aoi,p18_session_1766479503250_ljaoouiln_20251223_115310,el9,15,79.0,True,True
1766479963707,1766479963877,170,1524.0,520.0,3,0.17,outside_aoi,p18_session_1766479503250_ljaoouiln_20251223_115310,el9,15,79.0,True,True
1766479965907,1766479966028,121,1158.0,376.0,3,0.121,outside_aoi,p18_session_1766479503250_ljaoouiln_20251223_115310,el9,15,79.0,True,True
1766479966219,1766479966326,107,1192.0,441.0,3,0.107,outside_aoi,p18_session_1766479503250_ljaoouiln_20251223_115310,el9,15,79.0,True,True
1766479966370,1766479966513,143,1222.0,415.0,3,0.143,outside_aoi,p18_session_1766479503250_ljaoouiln_20251223_115310,el9,15,79.0,True,True
1766479970335,1766479970474,139,1072.0,402.0,3,0.139,outside_aoi,p18_session_1766479503250_ljaoouiln_20251223_115310,el10,16,79.0,True,True
1766479970531,1766479970633,102,1037.0,407.0,3,0.102,outside_aoi,p18_session_1766479503250_ljaoouiln_20251223_115310,el10,16,79.0,True,True
1766479970838,1766479970966,128,1010.0,397.0,3,0.128,outside_aoi,p18_session_1766479503250_ljaoouiln_20251223_115310,el10,16,79.0,True,True
1766479980782,1766479980882,100,1393.0,432.0,2,0.1,outside_aoi,p18_session_1766479503250_ljaoouiln_20251223_115310,el10,16,79.0,True,True
1766479984109,1766479984263,154,1189.0,576.0,3,0.154,outside_aoi,p18_session_1766479503250_ljaoouiln_20251223_115310,el10,16,79.0,True,True
1766477291952,1766477292052,100,1123.5,333.5,2,0.1,outside_aoi,p22_session_1766476993393_ypp67j79q_20251223_111119,el3,9,42.0,False,False
1766477318249,1766477318349,100,871.0,188.0,2,0.1,text,p22_session_1766476993393_ypp67j79q_20251223_111119,el3,9,42.0,False,False
1766477430911,1766477431011,100,1326.0,413.0,2,0.1,outside_aoi,p22_session_1766476993393_ypp67j79q_20251223_111119,el8,14,42.0,False,False
1766474945870,1766474945977,107,510.0,428.0,3,0.107,image,p25_session_1766474790970_uyff0jawt_20251223_103652,el1,7,80.0,True,True
1766474946656,1766474946815,159,695.0,388.0,3,0.159,outside_aoi,p25_session_1766474790970_uyff0jawt_20251223_103652,el1,7,80.0,True,True
1766474947130,1766474947230,100,717.0,490.0,2,0.1,image,p25_session_1766474790970_uyff0jawt_20251223_103652,el1,7,80.0,True,True
1766474948478,1766474948623,145,784.0,472.0,3,0.145,image,p25_session_1766474790970_uyff0jawt_20251223_103652,el1,7,80.0,True,True
1766474949192,1766474949297,105,836.0,487.0,3,0.105,image,p25_session_1766474790970_uyff0jawt_20251223_103652,el1,7,80.0,True,True
1766474954014,1766474954233,219,489.5,212.0,4,0.219,text,p25_session_1766474790970_uyff0jawt_20251223_103652,el1,7,80.0,True,True
1766474962909,1766474963041,132,936.0,147.0,3,0.132,outside_aoi,p25_session_1766474790970_uyff0jawt_20251223_103652,el1,7,80.0,True,True
1766474966570,1766474966707,137,493.0,215.0,3,0.137,text,p25_session_1766474790970_uyff0jawt_20251223_103652,el1,7,80.0,True,True
1766474967834,1766474968055,221,429.0,137.0,4,0.221,outside_aoi,p25_session_1766474790970_uyff0jawt_20251223_103652,el1,7,80.0,True,True
1766474971933,1766474972071,138,564.0,195.0,3,0.138,text,p25_session_1766474790970_uyff0jawt_20251223_103652,el1,7,80.0,True,True
1766474972638,1766474972853,215,381.5,17.0,4,0.215,outside_aoi,p25_session_1766474790970_uyff0jawt_20251223_103652,el1,7,80.0,True,True
1766474977330,1766474977469,139,433.0,183.0,3,0.139,text,p25_session_1766474790970_uyff0jawt_20251223_103652,el1,7,80.0,True,True
1766474977519,1766474977737,218,417.0,168.5,4,0.218,text,p25_session_1766474790970_uyff0jawt_20251223_103652,el1,7,80.0,True,True
1766474978288,1766474978447,159,952.5,219.5,4,0.159,text,p25_session_1766474790970_uyff0jawt_20251223_103652,el1,7,80.0,True,True
1766474980200,1766474980333,133,419.0,151.0,3,0.133,outside_aoi,p25_session_1766474790970_uyff0jawt_20251223_103652,el1,7,80.0,True,True
1766474987711,1766474987811,100,858.5,673.5,2,0.1,image,p25_session_1766474790970_uyff0jawt_20251223_103652,el1,7,80.0,True,True
1766474994815,1766474994970,155,890.0,671.0,4,0.155,image,p25_session_1766474790970_uyff0jawt_20251223_103652,el1,7,80.0,True,True
1766474996443,1766474996582,139,473.0,636.0,3,0.139,image,p25_session_1766474790970_uyff0jawt_20251223_103652,el1,7,80.0,True,True
1766474999913,1766475000017,104,996.0,228.0,3,0.104,text,p25_session_1766474790970_uyff0jawt_20251223_103652,el1,7,80.0,True,True
1766475002322,1766475002457,135,854.0,326.0,3,0.135,outside_aoi,p25_session_1766474790970_uyff0jawt_20251223_103652,el1,7,80.0,True,True
1766475003735,1766475003878,143,1429.0,168.0,3,0.143,outside_aoi,p25_session_1766474790970_uyff0jawt_20251223_103652,el1,7,80.0,True,True
1766475006672,1766475006921,249,578.5,336.5,4,0.249,outside_aoi,p25_session_1766474790970_uyff0jawt_20251223_103652,el1,7,80.0,True,True
1766475018537,1766475018638,101,1113.0,319.0,3,0.101,outside_aoi,p25_session_1766474790970_uyff0jawt_20251223_103652,el1,7,80.0,True,True
1766475032208,1766475032331,123,1039.0,649.0,3,0.123,image,p25_session_1766474790970_uyff0jawt_20251223_103652,el1,7,80.0,True,True
1766475038122,1766475038251,129,665.0,796.0,3,0.129,image,p25_session_1766474790970_uyff0jawt_20251223_103652,el1,7,80.0,True,True
1766475042022,1766475042125,103,949.0,154.0,3,0.103,outside_aoi,p25_session_1766474790970_uyff0jawt_20251223_103652,el1,7,80.0,True,True
1766475047758,1766475047858,100,668.0,4.0,3,0.1,outside_aoi,p25_session_1766474790970_uyff0jawt_20251223_103652,el1,7,80.0,True,True
1766475053930,1766475054059,129,842.0,466.0,3,0.129,image,p25_session_1766474790970_uyff0jawt_20251223_103652,el1,7,80.0,True,True
1766475064472,1766475064585,113,609.0,159.0,3,0.113,text,p25_session_1766474790970_uyff0jawt_20251223_103652,el1,7,80.0,True,True
1766475074074,1766475074191,117,699.0,339.0,3,0.117,outside_aoi,p25_session_1766474790970_uyff0jawt_20251223_103652,el1,7,80.0,True,True
1766475078857,1766475078963,106,568.0,156.0,3,0.106,outside_aoi,p25_session_1766474790970_uyff0jawt_20251223_103652,el1,7,80.0,True,True
1766475079420,1766475079523,103,664.0,269.0,3,0.103,text,p25_session_1766474790970_uyff0jawt_20251223_103652,el1,7,80.0,True,True
1766475081572,1766475081701,129,411.0,333.0,3,0.129,outside_aoi,p25_session_1766474790970_uyff0jawt_20251223_103652,el1,7,80.0,True,True
1766475083230,1766475083350,120,476.0,317.0,3,0.12,outside_aoi,p25_session_1766474790970_uyff0jawt_20251223_103652,el1,7,80.0,True,True
1766475087809,1766475087916,107,439.0,246.0,3,0.107,text,p25_session_1766474790970_uyff0jawt_20251223_103652,el1,7,80.0,True,True
1766475089172,1766475089285,113,1273.0,376.0,3,0.113,outside_aoi,p25_session_1766474790970_uyff0jawt_20251223_103652,el1,7,80.0,True,True
1766475094555,1766475094659,104,510.0,386.0,3,0.104,outside_aoi,p25_session_1766474790970_uyff0jawt_20251223_103652,el1,7,80.0,True,True
1766475110210,1766475110336,126,249.0,182.0,3,0.126,outside_aoi,p25_session_1766474790970_uyff0jawt_20251223_103652,el2,8,80.0,True,True
1766475110483,1766475110588,105,358.0,344.0,3,0.105,outside_aoi,p25_session_1766474790970_uyff0jawt_20251223_103652,el2,8,80.0,True,True
1766475110633,1766475110799,166,395.5,303.0,4,0.166,text,p25_session_1766474790970_uyff0jawt_20251223_103652,el2,8,80.0,True,True
1766475111117,1766475111227,110,465.0,230.0,3,0.11,text,p25_session_1766474790970_uyff0jawt_20251223_103652,el2,8,80.0,True,True
1766475111363,1766475111467,104,437.0,154.0,3,0.104,outside_aoi,p25_session_1766474790970_uyff0jawt_20251223_103652,el2,8,80.0,True,True
1766475111616,1766475111716,100,481.0,225.0,3,0.1,text,p25_session_1766474790970_uyff0jawt_20251223_103652,el2,8,80.0,True,True
1766475114743,1766475114879,136,611.0,353.0,3,0.136,outside_aoi,p25_session_1766474790970_uyff0jawt_20251223_103652,el2,8,80.0,True,True
1766475119023,1766475119166,143,459.0,279.0,3,0.143,text,p25_session_1766474790970_uyff0jawt_20251223_103652,el2,8,80.0,True,True
1766475119574,1766475119698,124,670.0,272.0,3,0.124,text,p25_session_1766474790970_uyff0jawt_20251223_103652,el2,8,80.0,True,True
1766475123373,1766475123501,128,649.0,232.0,3,0.128,text,p25_session_1766474790970_uyff0jawt_20251223_103652,el2,8,80.0,True,True
1766475126515,1766475126618,103,689.0,313.0,3,0.103,outside_aoi,p25_session_1766474790970_uyff0jawt_20251223_103652,el2,8,80.0,True,True
1766475135518,1766475135658,140,687.0,401.0,3,0.14,outside_aoi,p25_session_1766474790970_uyff0jawt_20251223_103652,el2,8,80.0,True,True
1766475136875,1766475137020,145,928.0,235.0,3,0.145,text,p25_session_1766474790970_uyff0jawt_20251223_103652,el2,8,80.0,True,True
1766475137076,1766475137183,107,915.0,213.0,3,0.107,text,p25_session_1766474790970_uyff0jawt_20251223_103652,el2,8,80.0,True,True
1766475146272,1766475146405,133,826.0,103.0,3,0.133,outside_aoi,p25_session_1766474790970_uyff0jawt_20251223_103652,el2,8,80.0,True,True
1766475146668,1766475146864,196,820.5,140.0,4,0.196,outside_aoi,p25_session_1766474790970_uyff0jawt_20251223_103652,el2,8,80.0,True,True
1766475148038,1766475148175,137,645.0,193.0,3,0.137,text,p25_session_1766474790970_uyff0jawt_20251223_103652,el2,8,80.0,True,True
1766475154478,1766475154592,114,1031.0,267.0,3,0.114,text,p25_session_1766474790970_uyff0jawt_20251223_103652,el3,9,80.0,True,True
1766475156251,1766475156477,226,472.0,103.0,5,0.226,outside_aoi,p25_session_1766474790970_uyff0jawt_20251223_103652,el3,9,80.0,True,True
1766475156575,1766475156827,252,486.0,100.5,4,0.252,outside_aoi,p25_session_1766474790970_uyff0jawt_20251223_103652,el3,9,80.0,True,True
1766475158253,1766475158357,104,1043.0,296.0,3,0.104,text,p25_session_1766474790970_uyff0jawt_20251223_103652,el3,9,80.0,True,True
1766475158519,1766475158649,130,1067.0,298.0,3,0.13,text,p25_session_1766474790970_uyff0jawt_20251223_103652,el3,9,80.0,True,True
1766475159090,1766475159236,146,850.0,284.0,3,0.146,text,p25_session_1766474790970_uyff0jawt_20251223_103652,el3,9,80.0,True,True
1766475164854,1766475165026,172,756.0,243.0,3,0.172,text,p25_session_1766474790970_uyff0jawt_20251223_103652,el3,9,80.0,True,True
1766475165180,1766475165351,171,790.0,343.0,3,0.171,outside_aoi,p25_session_1766474790970_uyff0jawt_20251223_103652,el3,9,80.0,True,True
1766475177757,1766475177902,145,227.0,138.0,3,0.145,outside_aoi,p25_session_1766474790970_uyff0jawt_20251223_103652,el3,9,80.0,True,True
1766475184516,1766475184638,122,414.0,232.0,3,0.122,text,p25_session_1766474790970_uyff0jawt_20251223_103652,el3,9,80.0,True,True
1766475195830,1766475195933,103,494.0,161.0,3,0.103,text,p25_session_1766474790970_uyff0jawt_20251223_103652,el3,9,80.0,True,True
1766475197906,1766475198007,101,490.0,333.0,3,0.101,outside_aoi,p25_session_1766474790970_uyff0jawt_20251223_103652,el3,9,80.0,True,True
1766475200070,1766475200209,139,929.0,243.0,3,0.139,text,p25_session_1766474790970_uyff0jawt_20251223_103652,el3,9,80.0,True,True
1766475203684,1766475203784,100,836.5,492.0,2,0.1,image,p25_session_1766474790970_uyff0jawt_20251223_103652,el3,9,80.0,True,True
1766475208098,1766475208364,266,741.0,281.0,6,0.266,text,p25_session_1766474790970_uyff0jawt_20251223_103652,el3,9,80.0,True,True
1766475208466,1766475208592,126,759.0,327.0,3,0.126,outside_aoi,p25_session_1766474790970_uyff0jawt_20251223_103652,el3,9,80.0,True,True
1766475209119,1766475209242,123,888.0,493.0,3,0.123,image,p25_session_1766474790970_uyff0jawt_20251223_103652,el3,9,80.0,True,True
1766475209363,1766475209491,128,951.0,537.0,3,0.128,image,p25_session_1766474790970_uyff0jawt_20251223_103652,el3,9,80.0,True,True
1766475213451,1766475213607,156,1067.0,253.0,3,0.156,text,p25_session_1766474790970_uyff0jawt_20251223_103652,el4,10,80.0,True,True
1766475213916,1766475214074,158,896.5,497.0,4,0.158,image,p25_session_1766474790970_uyff0jawt_20251223_103652,el4,10,80.0,True,True
1766475217447,1766475217606,159,995.5,457.0,4,0.159,image,p25_session_1766474790970_uyff0jawt_20251223_103652,el4,10,80.0,True,True
1766475218262,1766475218377,115,1032.0,482.0,3,0.115,image,p25_session_1766474790970_uyff0jawt_20251223_103652,el4,10,80.0,True,True
1766475218492,1766475218631,139,1110.0,356.0,3,0.139,outside_aoi,p25_session_1766474790970_uyff0jawt_20251223_103652,el4,10,80.0,True,True
1766475219531,1766475219674,143,990.0,295.0,3,0.143,text,p25_session_1766474790970_uyff0jawt_20251223_103652,el4,10,80.0,True,True
1766475222444,1766475222622,178,781.0,234.5,4,0.178,text,p25_session_1766474790970_uyff0jawt_20251223_103652,el4,10,80.0,True,True
1766475227174,1766475227286,112,937.0,405.0,3,0.112,outside_aoi,p25_session_1766474790970_uyff0jawt_20251223_103652,el4,10,80.0,True,True
1766475229433,1766475229557,124,473.0,179.0,3,0.124,text,p25_session_1766474790970_uyff0jawt_20251223_103652,el4,10,80.0,True,True
1766475231633,1766475231738,105,1216.0,502.0,3,0.105,outside_aoi,p25_session_1766474790970_uyff0jawt_20251223_103652,el4,10,80.0,True,True
1766475233916,1766475234128,212,366.0,292.0,4,0.212,text,p25_session_1766474790970_uyff0jawt_20251223_103652,el4,10,80.0,True,True
1766475238458,1766475238558,100,385.5,325.5,2,0.1,outside_aoi,p25_session_1766474790970_uyff0jawt_20251223_103652,el5,11,80.0,True,True
1766475241313,1766475241499,186,371.0,250.0,4,0.186,text,p25_session_1766474790970_uyff0jawt_20251223_103652,el5,11,80.0,True,True
1766475242799,1766475242908,109,976.0,527.0,3,0.109,image,p25_session_1766474790970_uyff0jawt_20251223_103652,el5,11,80.0,True,True
1766475244257,1766475244380,123,710.0,308.0,3,0.123,text,p25_session_1766474790970_uyff0jawt_20251223_103652,el5,11,80.0,True,True
1766475245222,1766475245403,181,872.0,603.5,4,0.181,image,p25_session_1766474790970_uyff0jawt_20251223_103652,el5,11,80.0,True,True
1766475249359,1766475249518,159,670.5,566.0,4,0.159,image,p25_session_1766474790970_uyff0jawt_20251223_103652,el5,11,80.0,True,True
1766475254829,1766475254934,105,345.0,330.0,3,0.105,outside_aoi,p25_session_1766474790970_uyff0jawt_20251223_103652,el5,11,80.0,True,True
1766475255530,1766475255706,176,467.0,198.5,4,0.176,text,p25_session_1766474790970_uyff0jawt_20251223_103652,el5,11,80.0,True,True
1766475255794,1766475255914,120,446.0,213.0,3,0.12,text,p25_session_1766474790970_uyff0jawt_20251223_103652,el5,11,80.0,True,True
1766475257007,1766475257113,106,851.0,417.0,3,0.106,outside_aoi,p25_session_1766474790970_uyff0jawt_20251223_103652,el5,11,80.0,True,True
1766475257391,1766475257506,115,738.0,432.0,3,0.115,image,p25_session_1766474790970_uyff0jawt_20251223_103652,el5,11,80.0,True,True
1766475258460,1766475258617,157,996.0,664.0,3,0.157,image,p25_session_1766474790970_uyff0jawt_20251223_103652,el5,11,80.0,True,True
1766475259059,1766475259178,119,605.0,437.0,3,0.119,image,p25_session_1766474790970_uyff0jawt_20251223_103652,el5,11,80.0,True,True
1766475259326,1766475259463,137,651.0,476.0,3,0.137,image,p25_session_1766474790970_uyff0jawt_20251223_103652,el5,11,80.0,True,True
1766475265967,1766475266108,141,1072.0,285.0,3,0.141,text,p25_session_1766474790970_uyff0jawt_20251223_103652,el5,11,80.0,True,True
1766475269757,1766475269857,100,638.0,396.0,3,0.1,outside_aoi,p25_session_1766474790970_uyff0jawt_20251223_103652,el5,11,80.0,True,True
1766475277415,1766475277520,105,760.0,426.0,3,0.105,image,p25_session_1766474790970_uyff0jawt_20251223_103652,el5,11,80.0,True,True
1766475278202,1766475278340,138,743.0,400.0,3,0.138,outside_aoi,p25_session_1766474790970_uyff0jawt_20251223_103652,el5,11,80.0,True,True
1766475278391,1766475278640,249,753.5,367.0,4,0.249,outside_aoi,p25_session_1766474790970_uyff0jawt_20251223_103652,el5,11,80.0,True,True
1766475278699,1766475278877,178,754.0,415.5,4,0.178,outside_aoi,p25_session_1766474790970_uyff0jawt_20251223_103652,el5,11,80.0,True,True
1766475279683,1766475279855,172,741.0,480.0,3,0.172,image,p25_session_1766474790970_uyff0jawt_20251223_103652,el5,11,80.0,True,True
1766475291373,1766475291477,104,789.0,679.0,3,0.104,image,p25_session_1766474790970_uyff0jawt_20251223_103652,el6,12,80.0,True,True
1766475292366,1766475292483,117,998.0,408.0,3,0.117,outside_aoi,p25_session_1766474790970_uyff0jawt_20251223_103652,el6,12,80.0,True,True
1766475299983,1766475300083,100,933.0,246.0,3,0.1,text,p25_session_1766474790970_uyff0jawt_20251223_103652,el6,12,80.0,True,True
1766475300151,1766475300260,109,959.0,268.0,3,0.109,text,p25_session_1766474790970_uyff0jawt_20251223_103652,el6,12,80.0,True,True
1766475302190,1766475302324,134,1245.0,455.0,3,0.134,outside_aoi,p25_session_1766474790970_uyff0jawt_20251223_103652,el6,12,80.0,True,True
1766475311180,1766475311315,135,780.0,452.0,3,0.135,image,p25_session_1766474790970_uyff0jawt_20251223_103652,el6,12,80.0,True,True
1766475324707,1766475324819,112,1139.0,242.0,3,0.112,text,p25_session_1766474790970_uyff0jawt_20251223_103652,el6,12,80.0,True,True
1766475329608,1766475329761,153,938.0,427.0,3,0.153,image,p25_session_1766474790970_uyff0jawt_20251223_103652,el6,12,80.0,True,True
1766475334599,1766475334766,167,455.0,37.0,4,0.167,outside_aoi,p25_session_1766474790970_uyff0jawt_20251223_103652,el7,13,80.0,True,True
1766475334943,1766475335076,133,513.0,123.0,3,0.133,outside_aoi,p25_session_1766474790970_uyff0jawt_20251223_103652,el7,13,80.0,True,True
1766475336439,1766475336602,163,1193.0,307.0,3,0.163,text,p25_session_1766474790970_uyff0jawt_20251223_103652,el7,13,80.0,True,True
1766475336683,1766475336827,144,1157.0,264.0,3,0.144,text,p25_session_1766474790970_uyff0jawt_20251223_103652,el7,13,80.0,True,True
1766475336881,1766475337055,174,1179.0,258.0,3,0.174,text,p25_session_1766474790970_uyff0jawt_20251223_103652,el7,13,80.0,True,True
1766475344518,1766475344651,133,984.0,383.0,3,0.133,outside_aoi,p25_session_1766474790970_uyff0jawt_20251223_103652,el7,13,80.0,True,True
1766475346828,1766475347005,177,888.0,382.0,4,0.177,outside_aoi,p25_session_1766474790970_uyff0jawt_20251223_103652,el7,13,80.0,True,True
1766475347559,1766475347675,116,737.0,363.0,3,0.116,outside_aoi,p25_session_1766474790970_uyff0jawt_20251223_103652,el7,13,80.0,True,True
1766475351169,1766475351308,139,845.0,408.0,3,0.139,outside_aoi,p25_session_1766474790970_uyff0jawt_20251223_103652,el8,14,80.0,True,True
1766475351539,1766475351676,137,801.0,353.0,3,0.137,outside_aoi,p25_session_1766474790970_uyff0jawt_20251223_103652,el8,14,80.0,True,True
1766475353819,1766475353961,142,938.0,625.0,3,0.142,image,p25_session_1766474790970_uyff0jawt_20251223_103652,el8,14,80.0,True,True
1766475356405,1766475356538,133,910.0,348.0,3,0.133,outside_aoi,p25_session_1766474790970_uyff0jawt_20251223_103652,el8,14,80.0,True,True
1766475359983,1766475360107,124,1135.0,339.0,3,0.124,outside_aoi,p25_session_1766474790970_uyff0jawt_20251223_103652,el8,14,80.0,True,True
1766475360223,1766475360355,132,1114.0,404.0,3,0.132,outside_aoi,p25_session_1766474790970_uyff0jawt_20251223_103652,el8,14,80.0,True,True
1766475361263,1766475361363,100,1195.5,250.0,2,0.1,text,p25_session_1766474790970_uyff0jawt_20251223_103652,el8,14,80.0,True,True
1766475363517,1766475363644,127,1211.0,175.0,3,0.127,text,p25_session_1766474790970_uyff0jawt_20251223_103652,el8,14,80.0,True,True
1766475367502,1766475367603,101,1054.0,685.0,3,0.101,outside_aoi,p25_session_1766474790970_uyff0jawt_20251223_103652,el9,15,80.0,True,True
1766475368871,1766475368987,116,518.0,357.0,3,0.116,outside_aoi,p25_session_1766474790970_uyff0jawt_20251223_103652,el9,15,80.0,True,True
1766475370025,1766475370176,151,854.0,593.0,3,0.151,image,p25_session_1766474790970_uyff0jawt_20251223_103652,el9,15,80.0,True,True
1766475371053,1766475371235,182,1156.5,381.5,4,0.182,outside_aoi,p25_session_1766474790970_uyff0jawt_20251223_103652,el9,15,80.0,True,True
1766475372531,1766475372633,102,848.0,560.0,3,0.102,image,p25_session_1766474790970_uyff0jawt_20251223_103652,el9,15,80.0,True,True
1766475382189,1766475382306,117,964.0,353.0,3,0.117,outside_aoi,p25_session_1766474790970_uyff0jawt_20251223_103652,el9,15,80.0,True,True
1766475385163,1766475385362,199,896.0,397.0,4,0.199,outside_aoi,p25_session_1766474790970_uyff0jawt_20251223_103652,el9,15,80.0,True,True
1766475385430,1766475385585,155,910.0,390.0,3,0.155,outside_aoi,p25_session_1766474790970_uyff0jawt_20251223_103652,el9,15,80.0,True,True
1766475385810,1766475385956,146,899.0,326.0,3,0.146,outside_aoi,p25_session_1766474790970_uyff0jawt_20251223_103652,el9,15,80.0,True,True
1766475394159,1766475394284,125,717.0,363.0,3,0.125,outside_aoi,p25_session_1766474790970_uyff0jawt_20251223_103652,el9,15,80.0,True,True
1766475396087,1766475396202,115,1248.0,447.0,3,0.115,outside_aoi,p25_session_1766474790970_uyff0jawt_20251223_103652,el9,15,80.0,True,True
1766475398847,1766475399021,174,616.0,356.0,3,0.174,outside_aoi,p25_session_1766474790970_uyff0jawt_20251223_103652,el10,16,80.0,True,True
1766475399315,1766475399424,109,498.0,221.0,3,0.109,text,p25_session_1766474790970_uyff0jawt_20251223_103652,el10,16,80.0,True,True
1766475403682,1766475403823,141,853.0,545.0,3,0.141,image,p25_session_1766474790970_uyff0jawt_20251223_103652,el10,16,80.0,True,True
1766475405799,1766475405947,148,1205.5,520.5,4,0.148,outside_aoi,p25_session_1766474790970_uyff0jawt_20251223_103652,el10,16,80.0,True,True
1766475408553,1766475408686,133,891.0,412.0,3,0.133,outside_aoi,p25_session_1766474790970_uyff0jawt_20251223_103652,el10,16,80.0,True,True
1766475410208,1766475410316,108,1390.0,435.0,3,0.108,outside_aoi,p25_session_1766474790970_uyff0jawt_20251223_103652,el10,16,80.0,True,True
1766473904232,1766473904332,100,1229.0,371.5,2,0.1,outside_aoi,p2_session_1766473756874_ykdx15d6n_20251223_101640,el1,7,71.0,True,True
1766473913498,1766473913634,136,1141.0,517.0,3,0.136,outside_aoi,p2_session_1766473756874_ykdx15d6n_20251223_101640,el1,7,71.0,True,True
1766473916704,1766473916845,141,1251.0,629.0,3,0.141,outside_aoi,p2_session_1766473756874_ykdx15d6n_20251223_101640,el1,7,71.0,True,True
1766473916900,1766473917013,113,1264.0,618.0,3,0.113,outside_aoi,p2_session_1766473756874_ykdx15d6n_20251223_101640,el1,7,71.0,True,True
1766473919846,1766473919967,121,997.0,344.0,3,0.121,outside_aoi,p2_session_1766473756874_ykdx15d6n_20251223_101640,el1,7,71.0,True,True
1766473920979,1766473921079,100,1234.0,536.0,3,0.1,outside_aoi,p2_session_1766473756874_ykdx15d6n_20251223_101640,el1,7,71.0,True,True
1766473927348,1766473927476,128,1328.0,43.0,3,0.128,outside_aoi,p2_session_1766473756874_ykdx15d6n_20251223_101640,el1,7,71.0,True,True
1766473932203,1766473932400,197,993.5,180.5,4,0.197,text,p2_session_1766473756874_ykdx15d6n_20251223_101640,el1,7,71.0,True,True
1766473933298,1766473933443,145,827.0,17.0,3,0.145,outside_aoi,p2_session_1766473756874_ykdx15d6n_20251223_101640,el1,7,71.0,True,True
1766473935184,1766473935309,125,947.0,63.0,3,0.125,outside_aoi,p2_session_1766473756874_ykdx15d6n_20251223_101640,el1,7,71.0,True,True
1766473936441,1766473936586,145,1371.0,140.0,3,0.145,outside_aoi,p2_session_1766473756874_ykdx15d6n_20251223_101640,el1,7,71.0,True,True
1766473938875,1766473939061,186,1354.5,288.0,4,0.186,outside_aoi,p2_session_1766473756874_ykdx15d6n_20251223_101640,el1,7,71.0,True,True
1766473941684,1766473941836,152,990.0,418.0,3,0.152,outside_aoi,p2_session_1766473756874_ykdx15d6n_20251223_101640,el1,7,71.0,True,True
1766473949827,1766473949927,100,859.0,104.0,3,0.1,outside_aoi,p2_session_1766473756874_ykdx15d6n_20251223_101640,el1,7,71.0,True,True
1766473958788,1766473958907,119,1178.0,316.0,3,0.119,outside_aoi,p2_session_1766473756874_ykdx15d6n_20251223_101640,el1,7,71.0,True,True
1766473968998,1766473969120,122,1273.0,259.0,3,0.122,outside_aoi,p2_session_1766473756874_ykdx15d6n_20251223_101640,el1,7,71.0,True,True
1766473978401,1766473978506,105,1099.0,213.0,3,0.105,text,p2_session_1766473756874_ykdx15d6n_20251223_101640,el1,7,71.0,True,True
1766473984218,1766473984392,174,1224.0,341.0,3,0.174,outside_aoi,p2_session_1766473756874_ykdx15d6n_20251223_101640,el1,7,71.0,True,True
1766473984526,1766473984688,162,1168.0,344.0,3,0.162,outside_aoi,p2_session_1766473756874_ykdx15d6n_20251223_101640,el1,7,71.0,True,True
1766473984912,1766473985031,119,1169.0,366.0,3,0.119,outside_aoi,p2_session_1766473756874_ykdx15d6n_20251223_101640,el1,7,71.0,True,True
1766473985375,1766473985500,125,1159.0,433.0,3,0.125,outside_aoi,p2_session_1766473756874_ykdx15d6n_20251223_101640,el1,7,71.0,True,True
1766473988382,1766473988522,140,979.0,557.0,3,0.14,image,p2_session_1766473756874_ykdx15d6n_20251223_101640,el1,7,71.0,True,True
1766473993828,1766473993928,100,1479.0,384.0,2,0.1,outside_aoi,p2_session_1766473756874_ykdx15d6n_20251223_101640,el2,8,71.0,True,True
1766474016908,1766474017013,105,1199.0,36.0,3,0.105,outside_aoi,p2_session_1766473756874_ykdx15d6n_20251223_101640,el3,9,71.0,True,True
1766474017516,1766474017661,145,1518.5,281.5,4,0.145,outside_aoi,p2_session_1766473756874_ykdx15d6n_20251223_101640,el3,9,71.0,True,True
1766474018034,1766474018138,104,1460.0,359.0,3,0.104,outside_aoi,p2_session_1766473756874_ykdx15d6n_20251223_101640,el3,9,71.0,True,True
1766474018312,1766474018464,152,1454.0,401.0,4,0.152,outside_aoi,p2_session_1766473756874_ykdx15d6n_20251223_101640,el3,9,71.0,True,True
1766474023538,1766474023648,110,1186.0,466.0,3,0.11,outside_aoi,p2_session_1766473756874_ykdx15d6n_20251223_101640,el3,9,71.0,True,True
1766474024118,1766474024244,126,1515.0,523.0,3,0.126,outside_aoi,p2_session_1766473756874_ykdx15d6n_20251223_101640,el3,9,71.0,True,True
1766474028457,1766474028586,129,1471.0,370.0,3,0.129,outside_aoi,p2_session_1766473756874_ykdx15d6n_20251223_101640,el3,9,71.0,True,True
1766474029593,1766474029728,135,1408.5,319.5,4,0.135,outside_aoi,p2_session_1766473756874_ykdx15d6n_20251223_101640,el3,9,71.0,True,True
1766474030055,1766474030237,182,1156.0,253.0,4,0.182,text,p2_session_1766473756874_ykdx15d6n_20251223_101640,el3,9,71.0,True,True
1766474038641,1766474038741,100,1430.5,408.0,2,0.1,outside_aoi,p2_session_1766473756874_ykdx15d6n_20251223_101640,el3,9,71.0,True,True
1766474043622,1766474043764,142,1419.0,362.0,3,0.142,outside_aoi,p2_session_1766473756874_ykdx15d6n_20251223_101640,el3,9,71.0,True,True
1766474045132,1766474045232,100,1047.5,402.5,2,0.1,outside_aoi,p2_session_1766473756874_ykdx15d6n_20251223_101640,el3,9,71.0,True,True
1766474051830,1766474051977,147,1101.0,296.0,3,0.147,text,p2_session_1766473756874_ykdx15d6n_20251223_101640,el3,9,71.0,True,True
1766474053711,1766474053881,170,1122.5,374.0,4,0.17,outside_aoi,p2_session_1766473756874_ykdx15d6n_20251223_101640,el3,9,71.0,True,True
1766474065022,1766474065177,155,930.0,481.0,3,0.155,image,p2_session_1766473756874_ykdx15d6n_20251223_101640,el3,9,71.0,True,True
1766474067156,1766474067273,117,1114.0,654.0,3,0.117,outside_aoi,p2_session_1766473756874_ykdx15d6n_20251223_101640,el3,9,71.0,True,True
1766474073708,1766474073831,123,846.0,226.0,3,0.123,text,p2_session_1766473756874_ykdx15d6n_20251223_101640,el3,9,71.0,True,True
1766474074394,1766474074533,139,946.0,465.0,3,0.139,image,p2_session_1766473756874_ykdx15d6n_20251223_101640,el3,9,71.0,True,True
1766474074644,1766474074835,191,955.5,497.0,4,0.191,image,p2_session_1766473756874_ykdx15d6n_20251223_101640,el3,9,71.0,True,True
1766474075506,1766474075634,128,879.0,383.0,3,0.128,outside_aoi,p2_session_1766473756874_ykdx15d6n_20251223_101640,el3,9,71.0,True,True
1766474088845,1766474088954,109,1020.0,219.0,3,0.109,text,p2_session_1766473756874_ykdx15d6n_20251223_101640,el4,10,71.0,True,True
1766474089244,1766474089350,106,1241.0,237.0,3,0.106,text,p2_session_1766473756874_ykdx15d6n_20251223_101640,el4,10,71.0,True,True
1766474094824,1766474094969,145,799.0,14.0,3,0.145,outside_aoi,p2_session_1766473756874_ykdx15d6n_20251223_101640,el4,10,71.0,True,True
1766474097764,1766474097888,124,994.0,386.0,3,0.124,outside_aoi,p2_session_1766473756874_ykdx15d6n_20251223_101640,el5,11,71.0,True,True
1766474098264,1766474098367,103,1220.0,419.0,3,0.103,outside_aoi,p2_session_1766473756874_ykdx15d6n_20251223_101640,el5,11,71.0,True,True
1766474102180,1766474102282,102,776.0,424.0,3,0.102,image,p2_session_1766473756874_ykdx15d6n_20251223_101640,el5,11,71.0,True,True
1766474103726,1766474103872,146,848.0,440.0,3,0.146,image,p2_session_1766473756874_ykdx15d6n_20251223_101640,el5,11,71.0,True,True
1766474105791,1766474105914,123,1211.0,407.0,3,0.123,outside_aoi,p2_session_1766473756874_ykdx15d6n_20251223_101640,el5,11,71.0,True,True
1766474107164,1766474107328,164,1150.0,547.0,3,0.164,outside_aoi,p2_session_1766473756874_ykdx15d6n_20251223_101640,el5,11,71.0,True,True
1766474108000,1766474108279,279,1196.0,247.0,5,0.279,text,p2_session_1766473756874_ykdx15d6n_20251223_101640,el5,11,71.0,True,True
1766474108627,1766474108795,168,1219.0,323.0,3,0.168,outside_aoi,p2_session_1766473756874_ykdx15d6n_20251223_101640,el5,11,71.0,True,True
1766474109299,1766474109436,137,1191.0,475.0,3,0.137,outside_aoi,p2_session_1766473756874_ykdx15d6n_20251223_101640,el5,11,71.0,True,True
1766474111563,1766474111673,110,1183.0,479.0,3,0.11,outside_aoi,p2_session_1766473756874_ykdx15d6n_20251223_101640,el5,11,71.0,True,True
1766474114063,1766474114199,136,916.0,525.0,3,0.136,image,p2_session_1766473756874_ykdx15d6n_20251223_101640,el6,12,71.0,True,True
1766474114313,1766474114413,100,869.0,516.0,3,0.1,image,p2_session_1766473756874_ykdx15d6n_20251223_101640,el6,12,71.0,True,True
1766474122618,1766474122722,104,859.0,174.0,3,0.104,text,p2_session_1766473756874_ykdx15d6n_20251223_101640,el6,12,71.0,True,True
1766474123397,1766474123524,127,948.0,330.0,3,0.127,outside_aoi,p2_session_1766473756874_ykdx15d6n_20251223_101640,el6,12,71.0,True,True
1766474125326,1766474125492,166,608.0,355.0,4,0.166,outside_aoi,p2_session_1766473756874_ykdx15d6n_20251223_101640,el6,12,71.0,True,True
1766474127882,1766474128010,128,1319.0,576.0,3,0.128,outside_aoi,p2_session_1766473756874_ykdx15d6n_20251223_101640,el6,12,71.0,True,True
1766474129389,1766474129511,122,647.0,388.0,3,0.122,outside_aoi,p2_session_1766473756874_ykdx15d6n_20251223_101640,el6,12,71.0,True,True
1766474130349,1766474130462,113,794.0,419.0,3,0.113,image,p2_session_1766473756874_ykdx15d6n_20251223_101640,el6,12,71.0,True,True
1766474136357,1766474136463,106,495.0,624.0,3,0.106,image,p2_session_1766473756874_ykdx15d6n_20251223_101640,el7,13,71.0,True,True
1766474137205,1766474137305,100,391.0,629.0,3,0.1,outside_aoi,p2_session_1766473756874_ykdx15d6n_20251223_101640,el7,13,71.0,True,True
1766474139356,1766474139459,103,1070.0,240.0,3,0.103,text,p2_session_1766473756874_ykdx15d6n_20251223_101640,el7,13,71.0,True,True
1766474143396,1766474143525,129,814.0,819.0,3,0.129,outside_aoi,p2_session_1766473756874_ykdx15d6n_20251223_101640,el7,13,71.0,True,True
1766474145009,1766474145126,117,889.0,555.0,3,0.117,image,p2_session_1766473756874_ykdx15d6n_20251223_101640,el7,13,71.0,True,True
1766474156535,1766474156649,114,1277.0,548.0,3,0.114,outside_aoi,p2_session_1766473756874_ykdx15d6n_20251223_101640,el8,14,71.0,True,True
1766474170027,1766474170155,128,858.0,324.0,3,0.128,outside_aoi,p2_session_1766473756874_ykdx15d6n_20251223_101640,el9,15,71.0,True,True
1766474170669,1766474170808,139,939.0,246.0,3,0.139,text,p2_session_1766473756874_ykdx15d6n_20251223_101640,el9,15,71.0,True,True
1766474181976,1766474182078,102,773.0,309.0,3,0.102,outside_aoi,p2_session_1766473756874_ykdx15d6n_20251223_101640,el9,15,71.0,True,True
1766474182978,1766474183121,143,985.0,293.0,3,0.143,text,p2_session_1766473756874_ykdx15d6n_20251223_101640,el9,15,71.0,True,True
1766474183812,1766474183952,140,1272.0,384.0,3,0.14,outside_aoi,p2_session_1766473756874_ykdx15d6n_20251223_101640,el9,15,71.0,True,True
1766474185255,1766474185424,169,1201.0,87.0,4,0.169,outside_aoi,p2_session_1766473756874_ykdx15d6n_20251223_101640,el9,15,71.0,True,True
1766474198120,1766474198246,126,942.0,130.0,3,0.126,outside_aoi,p2_session_1766473756874_ykdx15d6n_20251223_101640,el10,16,71.0,True,True
1766474198866,1766474198987,121,904.0,226.0,3,0.121,text,p2_session_1766473756874_ykdx15d6n_20251223_101640,el10,16,71.0,True,True
